<annotation>
	<folder>Kangaroo</folder>
	<filename>00001.jpg</filename>
	<path>/home/andy/Desktop/Kangaroo/stock-photo-two-kids-in-the-zoo-feeding-kangaroo-296180786.jpg</path>
	<source>
		<database>Unknown</database>
	</source>
	<size>
		<width>450</width>
		<height>319</height>
		<depth>3</depth>
	</size>
	<segmented>0</segmented>
	<object>
		<name>kangaroo</name>
		<pose>Unspecified</pose>
		<truncated>0</truncated>
		<difficult>0</difficult>
		<bndbox>
			<xmin>233</xmin>
			<ymin>89</ymin>
			<xmax>386</xmax>
			<ymax>262</ymax>
		</bndbox>
	</object>
	<object>
		<name>kangaroo</name>
		<pose>Unspecified</pose>
		<truncated>0</truncated>
		<difficult>0</difficult>
		<bndbox>
			<xmin>134</xmin>
			<ymin>105</ymin>
			<xmax>341</xmax>
			<ymax>253</ymax>
		</bndbox>
	</object>
</annotation>
