<annotation>
	<folder>Kangaroo</folder>
	<filename>00006.jpg</filename>
	<path>/home/andy/Desktop/Kangaroo/tmg-article_tall.jpg</path>
	<source>
		<database>Unknown</database>
	</source>
	<size>
		<width>640</width>
		<height>426</height>
		<depth>3</depth>
	</size>
	<segmented>0</segmented>
	<object>
		<name>kangaroo</name>
		<pose>Unspecified</pose>
		<truncated>0</truncated>
		<difficult>0</difficult>
		<bndbox>
			<xmin>186</xmin>
			<ymin>173</ymin>
			<xmax>366</xmax>
			<ymax>422</ymax>
		</bndbox>
	</object>
	<object>
		<name>kangaroo</name>
		<pose>Unspecified</pose>
		<truncated>0</truncated>
		<difficult>0</difficult>
		<bndbox>
			<xmin>86</xmin>
			<ymin>307</ymin>
			<xmax>226</xmax>
			<ymax>385</ymax>
		</bndbox>
	</object>
</annotation>
