<annotation>
	<folder>Kangaroo</folder>
	<filename>00018.jpg</filename>
	<path>/home/andy/Desktop/Kangaroo/a-dog-friends-with-a-kangaroo-di.jpg</path>
	<source>
		<database>Unknown</database>
	</source>
	<size>
		<width>480</width>
		<height>360</height>
		<depth>3</depth>
	</size>
	<segmented>0</segmented>
	<object>
		<name>kangaroo</name>
		<pose>Unspecified</pose>
		<truncated>1</truncated>
		<difficult>0</difficult>
		<bndbox>
			<xmin>221</xmin>
			<ymin>1</ymin>
			<xmax>478</xmax>
			<ymax>281</ymax>
		</bndbox>
	</object>
</annotation>
