<annotation>
	<folder>Kangaroo</folder>
	<filename>00012.jpg</filename>
	<path>/home/andy/Desktop/Kangaroo/filename-img-1098-jpg.jpg</path>
	<source>
		<database>Unknown</database>
	</source>
	<size>
		<width>550</width>
		<height>412</height>
		<depth>3</depth>
	</size>
	<segmented>0</segmented>
	<object>
		<name>kangaroo</name>
		<pose>Unspecified</pose>
		<truncated>1</truncated>
		<difficult>0</difficult>
		<bndbox>
			<xmin>291</xmin>
			<ymin>157</ymin>
			<xmax>550</xmax>
			<ymax>346</ymax>
		</bndbox>
	</object>
</annotation>
