<annotation>
	<folder>Kangaroo</folder>
	<filename>00016.jpg</filename>
	<path>/home/andy/Desktop/Kangaroo/sthenurus_bw.jpg</path>
	<source>
		<database>Unknown</database>
	</source>
	<size>
		<width>600</width>
		<height>450</height>
		<depth>3</depth>
	</size>
	<segmented>0</segmented>
	<object>
		<name>kangaroo</name>
		<pose>Unspecified</pose>
		<truncated>0</truncated>
		<difficult>0</difficult>
		<bndbox>
			<xmin>91</xmin>
			<ymin>15</ymin>
			<xmax>565</xmax>
			<ymax>415</ymax>
		</bndbox>
	</object>
</annotation>
