<annotation>
	<folder>Kangaroo</folder>
	<filename>00013.jpg</filename>
	<path>/home/andy/Desktop/Kangaroo/kangaroo_04_600.jpg</path>
	<source>
		<database>Unknown</database>
	</source>
	<size>
		<width>600</width>
		<height>451</height>
		<depth>3</depth>
	</size>
	<segmented>0</segmented>
	<object>
		<name>kangaroo</name>
		<pose>Unspecified</pose>
		<truncated>0</truncated>
		<difficult>0</difficult>
		<bndbox>
			<xmin>223</xmin>
			<ymin>87</ymin>
			<xmax>428</xmax>
			<ymax>355</ymax>
		</bndbox>
	</object>
	<object>
		<name>kangaroo</name>
		<pose>Unspecified</pose>
		<truncated>0</truncated>
		<difficult>0</difficult>
		<bndbox>
			<xmin>62</xmin>
			<ymin>114</ymin>
			<xmax>596</xmax>
			<ymax>399</ymax>
		</bndbox>
	</object>
</annotation>
