<annotation>
	<folder>Kangaroo</folder>
	<filename>00027.jpg</filename>
	<path>/home/andy/Desktop/Kangaroo/Humans-and-Kangaroos-623x200.jpg</path>
	<source>
		<database>Unknown</database>
	</source>
	<size>
		<width>623</width>
		<height>200</height>
		<depth>3</depth>
	</size>
	<segmented>0</segmented>
	<object>
		<name>kangaroo</name>
		<pose>Unspecified</pose>
		<truncated>1</truncated>
		<difficult>0</difficult>
		<bndbox>
			<xmin>128</xmin>
			<ymin>1</ymin>
			<xmax>335</xmax>
			<ymax>199</ymax>
		</bndbox>
	</object>
</annotation>
