<annotation>
	<folder>Kangaroo</folder>
	<filename>00028.jpg</filename>
	<path>/home/andy/Desktop/Kangaroo/Kangaroo22.jpg</path>
	<source>
		<database>Unknown</database>
	</source>
	<size>
		<width>690</width>
		<height>497</height>
		<depth>3</depth>
	</size>
	<segmented>0</segmented>
	<object>
		<name>kangaroo</name>
		<pose>Unspecified</pose>
		<truncated>0</truncated>
		<difficult>0</difficult>
		<bndbox>
			<xmin>140</xmin>
			<ymin>95</ymin>
			<xmax>673</xmax>
			<ymax>467</ymax>
		</bndbox>
	</object>
	<object>
		<name>kangaroo</name>
		<pose>Unspecified</pose>
		<truncated>0</truncated>
		<difficult>0</difficult>
		<bndbox>
			<xmin>55</xmin>
			<ymin>69</ymin>
			<xmax>286</xmax>
			<ymax>352</ymax>
		</bndbox>
	</object>
</annotation>
