<annotation>
	<folder>Kangaroo</folder>
	<filename>00029.jpg</filename>
	<path>/home/andy/Desktop/Kangaroo/stock-photo-australian-eastern-grey-kangaroo-on-beach-cape-hillsborough-mackay-north-queensland-exotic-110369297.jpg</path>
	<source>
		<database>Unknown</database>
	</source>
	<size>
		<width>450</width>
		<height>316</height>
		<depth>3</depth>
	</size>
	<segmented>0</segmented>
	<object>
		<name>kangaroo</name>
		<pose>Unspecified</pose>
		<truncated>0</truncated>
		<difficult>0</difficult>
		<bndbox>
			<xmin>139</xmin>
			<ymin>52</ymin>
			<xmax>339</xmax>
			<ymax>258</ymax>
		</bndbox>
	</object>
</annotation>
