<annotation>
	<folder>Kangaroo</folder>
	<filename>00037.jpg</filename>
	<path>/home/andy/Desktop/Kangaroo/phillip-island-wildlife.jpg</path>
	<source>
		<database>Unknown</database>
	</source>
	<size>
		<width>550</width>
		<height>388</height>
		<depth>3</depth>
	</size>
	<segmented>0</segmented>
	<object>
		<name>kangaroo</name>
		<pose>Unspecified</pose>
		<truncated>0</truncated>
		<difficult>0</difficult>
		<bndbox>
			<xmin>286</xmin>
			<ymin>59</ymin>
			<xmax>383</xmax>
			<ymax>325</ymax>
		</bndbox>
	</object>
	<object>
		<name>kangaroo</name>
		<pose>Unspecified</pose>
		<truncated>0</truncated>
		<difficult>0</difficult>
		<bndbox>
			<xmin>98</xmin>
			<ymin>80</ymin>
			<xmax>254</xmax>
			<ymax>318</ymax>
		</bndbox>
	</object>
	<object>
		<name>kangaroo</name>
		<pose>Unspecified</pose>
		<truncated>1</truncated>
		<difficult>0</difficult>
		<bndbox>
			<xmin>12</xmin>
			<ymin>140</ymin>
			<xmax>269</xmax>
			<ymax>388</ymax>
		</bndbox>
	</object>
</annotation>
