<annotation>
	<folder>Kangaroo</folder>
	<filename>00034.jpg</filename>
	<path>/home/andy/Desktop/Kangaroo/horse-with-kangaroo-pasture-buddy-adtcwn.jpg</path>
	<source>
		<database>Unknown</database>
	</source>
	<size>
		<width>640</width>
		<height>472</height>
		<depth>3</depth>
	</size>
	<segmented>0</segmented>
	<object>
		<name>kangaroo</name>
		<pose>Unspecified</pose>
		<truncated>1</truncated>
		<difficult>0</difficult>
		<bndbox>
			<xmin>1</xmin>
			<ymin>141</ymin>
			<xmax>270</xmax>
			<ymax>449</ymax>
		</bndbox>
	</object>
</annotation>
