<annotation>
	<folder>Kangaroo</folder>
	<filename>00039.jpg</filename>
	<path>/home/andy/Desktop/Kangaroo/wild-kangaroo-street-fight-Aussie-style.jpg</path>
	<source>
		<database>Unknown</database>
	</source>
	<size>
		<width>600</width>
		<height>338</height>
		<depth>3</depth>
	</size>
	<segmented>0</segmented>
	<object>
		<name>kangaroo</name>
		<pose>Unspecified</pose>
		<truncated>0</truncated>
		<difficult>0</difficult>
		<bndbox>
			<xmin>179</xmin>
			<ymin>27</ymin>
			<xmax>345</xmax>
			<ymax>272</ymax>
		</bndbox>
	</object>
	<object>
		<name>kangaroo</name>
		<pose>Unspecified</pose>
		<truncated>0</truncated>
		<difficult>0</difficult>
		<bndbox>
			<xmin>290</xmin>
			<ymin>52</ymin>
			<xmax>453</xmax>
			<ymax>281</ymax>
		</bndbox>
	</object>
</annotation>
