<annotation>
	<folder>Kangaroo</folder>
	<filename>00046.jpg</filename>
	<path>/home/andy/Desktop/Kangaroo/video-undefined-220C0A8000000578-570_636x358.jpg</path>
	<source>
		<database>Unknown</database>
	</source>
	<size>
		<width>636</width>
		<height>358</height>
		<depth>3</depth>
	</size>
	<segmented>0</segmented>
	<object>
		<name>kangaroo</name>
		<pose>Unspecified</pose>
		<truncated>1</truncated>
		<difficult>0</difficult>
		<bndbox>
			<xmin>1</xmin>
			<ymin>105</ymin>
			<xmax>224</xmax>
			<ymax>289</ymax>
		</bndbox>
	</object>
	<object>
		<name>kangaroo</name>
		<pose>Unspecified</pose>
		<truncated>0</truncated>
		<difficult>0</difficult>
		<bndbox>
			<xmin>313</xmin>
			<ymin>106</ymin>
			<xmax>574</xmax>
			<ymax>335</ymax>
		</bndbox>
	</object>
</annotation>
