<annotation>
	<folder>Kangaroo</folder>
	<filename>00047.jpg</filename>
	<path>/home/andy/Desktop/Kangaroo/05metKANGAROO1.jpg</path>
	<source>
		<database>Unknown</database>
	</source>
	<size>
		<width>494</width>
		<height>364</height>
		<depth>3</depth>
	</size>
	<segmented>0</segmented>
	<object>
		<name>kangaroo</name>
		<pose>Unspecified</pose>
		<truncated>0</truncated>
		<difficult>0</difficult>
		<bndbox>
			<xmin>171</xmin>
			<ymin>210</ymin>
			<xmax>339</xmax>
			<ymax>281</ymax>
		</bndbox>
	</object>
</annotation>
