<annotation>
	<folder>Kangaroo</folder>
	<filename>00045.jpg</filename>
	<path>/home/andy/Desktop/Kangaroo/Kangaroo_Street_Fight_is__trendingUP_2100270000_8820475_ver1.0_640_480.jpg</path>
	<source>
		<database>Unknown</database>
	</source>
	<size>
		<width>640</width>
		<height>480</height>
		<depth>3</depth>
	</size>
	<segmented>0</segmented>
	<object>
		<name>kangaroo</name>
		<pose>Unspecified</pose>
		<truncated>0</truncated>
		<difficult>0</difficult>
		<bndbox>
			<xmin>210</xmin>
			<ymin>148</ymin>
			<xmax>307</xmax>
			<ymax>395</ymax>
		</bndbox>
	</object>
	<object>
		<name>kangaroo</name>
		<pose>Unspecified</pose>
		<truncated>0</truncated>
		<difficult>0</difficult>
		<bndbox>
			<xmin>302</xmin>
			<ymin>180</ymin>
			<xmax>444</xmax>
			<ymax>422</ymax>
		</bndbox>
	</object>
</annotation>
