<annotation>
	<folder>Kangaroo</folder>
	<filename>00043.jpg</filename>
	<path>/home/andy/Desktop/Kangaroo/kangaroo-facts.jpg</path>
	<source>
		<database>Unknown</database>
	</source>
	<size>
		<width>642</width>
		<height>397</height>
		<depth>3</depth>
	</size>
	<segmented>0</segmented>
	<object>
		<name>kangaroo</name>
		<pose>Unspecified</pose>
		<truncated>0</truncated>
		<difficult>0</difficult>
		<bndbox>
			<xmin>25</xmin>
			<ymin>4</ymin>
			<xmax>469</xmax>
			<ymax>391</ymax>
		</bndbox>
	</object>
</annotation>
