<annotation>
	<folder>Kangaroo</folder>
	<filename>00041.jpg</filename>
	<path>/home/andy/Desktop/Kangaroo/1414596968878_wps_9_MANDATORY_BYLINE_PIC_BY_D.jpg</path>
	<source>
		<database>Unknown</database>
	</source>
	<size>
		<width>962</width>
		<height>642</height>
		<depth>3</depth>
	</size>
	<segmented>0</segmented>
	<object>
		<name>kangaroo</name>
		<pose>Unspecified</pose>
		<truncated>1</truncated>
		<difficult>0</difficult>
		<bndbox>
			<xmin>319</xmin>
			<ymin>118</ymin>
			<xmax>962</xmax>
			<ymax>456</ymax>
		</bndbox>
	</object>
</annotation>
