<annotation>
	<folder>Kangaroo</folder>
	<filename>00040.jpg</filename>
	<path>/home/andy/Desktop/Kangaroo/a8c732b988f0945d3db7fa39b34d16e7.jpg</path>
	<source>
		<database>Unknown</database>
	</source>
	<size>
		<width>650</width>
		<height>366</height>
		<depth>3</depth>
	</size>
	<segmented>0</segmented>
	<object>
		<name>kangaroo</name>
		<pose>Unspecified</pose>
		<truncated>0</truncated>
		<difficult>0</difficult>
		<bndbox>
			<xmin>456</xmin>
			<ymin>132</ymin>
			<xmax>526</xmax>
			<ymax>203</ymax>
		</bndbox>
	</object>
</annotation>
