<annotation>
	<folder>Kangaroo</folder>
	<filename>00050.jpg</filename>
	<path>/home/andy/Desktop/Kangaroo/Kangaroo-with-Joey-PGA2010.jpg</path>
	<source>
		<database>Unknown</database>
	</source>
	<size>
		<width>900</width>
		<height>600</height>
		<depth>3</depth>
	</size>
	<segmented>0</segmented>
	<object>
		<name>kangaroo</name>
		<pose>Unspecified</pose>
		<truncated>0</truncated>
		<difficult>0</difficult>
		<bndbox>
			<xmin>129</xmin>
			<ymin>222</ymin>
			<xmax>609</xmax>
			<ymax>574</ymax>
		</bndbox>
	</object>
	<object>
		<name>kangaroo</name>
		<pose>Unspecified</pose>
		<truncated>0</truncated>
		<difficult>0</difficult>
		<bndbox>
			<xmin>488</xmin>
			<ymin>415</ymin>
			<xmax>553</xmax>
			<ymax>495</ymax>
		</bndbox>
	</object>
</annotation>
