<annotation>
	<folder>Kangaroo</folder>
	<filename>00059.jpg</filename>
	<path>/home/andy/Desktop/Kangaroo/kangaroo1.jpg</path>
	<source>
		<database>Unknown</database>
	</source>
	<size>
		<width>800</width>
		<height>546</height>
		<depth>3</depth>
	</size>
	<segmented>0</segmented>
	<object>
		<name>kangaroo</name>
		<pose>Unspecified</pose>
		<truncated>1</truncated>
		<difficult>0</difficult>
		<bndbox>
			<xmin>130</xmin>
			<ymin>186</ymin>
			<xmax>800</xmax>
			<ymax>506</ymax>
		</bndbox>
	</object>
</annotation>
