<annotation>
	<folder>Kangaroo</folder>
	<filename>00054.jpg</filename>
	<path>/home/andy/Desktop/Kangaroo/full-length-of-kangaroo-with-joey-in-zoo-fjnbyp.jpg</path>
	<source>
		<database>Unknown</database>
	</source>
	<size>
		<width>640</width>
		<height>500</height>
		<depth>3</depth>
	</size>
	<segmented>0</segmented>
	<object>
		<name>kangaroo</name>
		<pose>Unspecified</pose>
		<truncated>1</truncated>
		<difficult>0</difficult>
		<bndbox>
			<xmin>145</xmin>
			<ymin>22</ymin>
			<xmax>640</xmax>
			<ymax>449</ymax>
		</bndbox>
	</object>
</annotation>
