<annotation>
	<folder>Kangaroo</folder>
	<filename>00060.jpg</filename>
	<path>/home/andy/Desktop/Kangaroo/16083178617_e4c90bda77_z.jpg</path>
	<source>
		<database>Unknown</database>
	</source>
	<size>
		<width>640</width>
		<height>427</height>
		<depth>3</depth>
	</size>
	<segmented>0</segmented>
	<object>
		<name>kangaroo</name>
		<pose>Unspecified</pose>
		<truncated>0</truncated>
		<difficult>0</difficult>
		<bndbox>
			<xmin>300</xmin>
			<ymin>106</ymin>
			<xmax>500</xmax>
			<ymax>369</ymax>
		</bndbox>
	</object>
	<object>
		<name>kangaroo</name>
		<pose>Unspecified</pose>
		<truncated>0</truncated>
		<difficult>0</difficult>
		<bndbox>
			<xmin>133</xmin>
			<ymin>213</ymin>
			<xmax>333</xmax>
			<ymax>425</ymax>
		</bndbox>
	</object>
</annotation>
