<annotation>
	<folder>Kangaroo</folder>
	<filename>00065.jpg</filename>
	<path>/home/andy/Desktop/Kangaroo/1518259.jpg</path>
	<source>
		<database>Unknown</database>
	</source>
	<size>
		<width>320</width>
		<height>480</height>
		<depth>3</depth>
	</size>
	<segmented>0</segmented>
	<object>
		<name>kangaroo</name>
		<pose>Unspecified</pose>
		<truncated>0</truncated>
		<difficult>0</difficult>
		<bndbox>
			<xmin>82</xmin>
			<ymin>38</ymin>
			<xmax>244</xmax>
			<ymax>434</ymax>
		</bndbox>
	</object>
</annotation>
