<annotation>
	<folder>Kangaroo</folder>
	<filename>00069.jpg</filename>
	<path>/home/andy/Desktop/Kangaroo/abc.jpg</path>
	<source>
		<database>Unknown</database>
	</source>
	<size>
		<width>650</width>
		<height>441</height>
		<depth>3</depth>
	</size>
	<segmented>0</segmented>
	<object>
		<name>kangaroo</name>
		<pose>Unspecified</pose>
		<truncated>1</truncated>
		<difficult>0</difficult>
		<bndbox>
			<xmin>1</xmin>
			<ymin>54</ymin>
			<xmax>306</xmax>
			<ymax>325</ymax>
		</bndbox>
	</object>
</annotation>
