<annotation>
	<folder>Kangaroo</folder>
	<filename>00064.jpg</filename>
	<path>/home/andy/Desktop/Kangaroo/kangaroo-riyadh-zoo.jpg</path>
	<source>
		<database>Unknown</database>
	</source>
	<size>
		<width>800</width>
		<height>492</height>
		<depth>3</depth>
	</size>
	<segmented>0</segmented>
	<object>
		<name>kangaroo</name>
		<pose>Unspecified</pose>
		<truncated>0</truncated>
		<difficult>0</difficult>
		<bndbox>
			<xmin>75</xmin>
			<ymin>156</ymin>
			<xmax>457</xmax>
			<ymax>443</ymax>
		</bndbox>
	</object>
</annotation>
