<annotation>
	<folder>Kangaroo</folder>
	<filename>00077.jpg</filename>
	<path>/home/andy/Desktop/Kangaroo/large.jpg</path>
	<source>
		<database>Unknown</database>
	</source>
	<size>
		<width>500</width>
		<height>351</height>
		<depth>3</depth>
	</size>
	<segmented>0</segmented>
	<object>
		<name>kangaroo</name>
		<pose>Unspecified</pose>
		<truncated>1</truncated>
		<difficult>0</difficult>
		<bndbox>
			<xmin>1</xmin>
			<ymin>120</ymin>
			<xmax>224</xmax>
			<ymax>319</ymax>
		</bndbox>
	</object>
</annotation>
