<annotation>
	<folder>Kangaroo</folder>
	<filename>00086.jpg</filename>
	<path>/home/andy/Desktop/Kangaroo/Alpha-male-interested-female-not.jpg</path>
	<source>
		<database>Unknown</database>
	</source>
	<size>
		<width>960</width>
		<height>523</height>
		<depth>3</depth>
	</size>
	<segmented>0</segmented>
	<object>
		<name>kangaroo</name>
		<pose>Unspecified</pose>
		<truncated>0</truncated>
		<difficult>0</difficult>
		<bndbox>
			<xmin>333</xmin>
			<ymin>189</ymin>
			<xmax>927</xmax>
			<ymax>466</ymax>
		</bndbox>
	</object>
	<object>
		<name>kangaroo</name>
		<pose>Unspecified</pose>
		<truncated>0</truncated>
		<difficult>0</difficult>
		<bndbox>
			<xmin>41</xmin>
			<ymin>291</ymin>
			<xmax>392</xmax>
			<ymax>489</ymax>
		</bndbox>
	</object>
</annotation>
