<annotation>
	<folder>Kangaroo</folder>
	<filename>00089.jpg</filename>
	<path>/home/andy/Desktop/Kangaroo/kangaroo-at-deer-farm.jpg</path>
	<source>
		<database>Unknown</database>
	</source>
	<size>
		<width>550</width>
		<height>412</height>
		<depth>3</depth>
	</size>
	<segmented>0</segmented>
	<object>
		<name>kangaroo</name>
		<pose>Unspecified</pose>
		<truncated>0</truncated>
		<difficult>0</difficult>
		<bndbox>
			<xmin>46</xmin>
			<ymin>72</ymin>
			<xmax>531</xmax>
			<ymax>277</ymax>
		</bndbox>
	</object>
</annotation>
