<annotation>
	<folder>Kangaroo</folder>
	<filename>00084.jpg</filename>
	<path>/home/andy/Desktop/Kangaroo/2004.jpg</path>
	<source>
		<database>Unknown</database>
	</source>
	<size>
		<width>482</width>
		<height>425</height>
		<depth>3</depth>
	</size>
	<segmented>0</segmented>
	<object>
		<name>kangaroo</name>
		<pose>Unspecified</pose>
		<truncated>0</truncated>
		<difficult>0</difficult>
		<bndbox>
			<xmin>9</xmin>
			<ymin>129</ymin>
			<xmax>476</xmax>
			<ymax>388</ymax>
		</bndbox>
	</object>
</annotation>
