<annotation>
	<folder>Kangaroo</folder>
	<filename>00097.jpg</filename>
	<path>/home/andy/Desktop/Kangaroo/Mini_Zoo_Land,_Slovenske_Konjice_-_kangaroo.jpg</path>
	<source>
		<database>Unknown</database>
	</source>
	<size>
		<width>1024</width>
		<height>683</height>
		<depth>3</depth>
	</size>
	<segmented>0</segmented>
	<object>
		<name>kangaroo</name>
		<pose>Unspecified</pose>
		<truncated>0</truncated>
		<difficult>0</difficult>
		<bndbox>
			<xmin>90</xmin>
			<ymin>190</ymin>
			<xmax>861</xmax>
			<ymax>582</ymax>
		</bndbox>
	</object>
</annotation>
