<annotation>
	<folder>Kangaroo</folder>
	<filename>00090.jpg</filename>
	<path>/home/andy/Desktop/Kangaroo/kangaroos-escape-germany-nationalturk-0455.jpg</path>
	<source>
		<database>Unknown</database>
	</source>
	<size>
		<width>590</width>
		<height>393</height>
		<depth>3</depth>
	</size>
	<segmented>0</segmented>
	<object>
		<name>kangaroo</name>
		<pose>Unspecified</pose>
		<truncated>0</truncated>
		<difficult>0</difficult>
		<bndbox>
			<xmin>152</xmin>
			<ymin>163</ymin>
			<xmax>584</xmax>
			<ymax>370</ymax>
		</bndbox>
	</object>
	<object>
		<name>kangaroo</name>
		<pose>Unspecified</pose>
		<truncated>1</truncated>
		<difficult>0</difficult>
		<bndbox>
			<xmin>291</xmin>
			<ymin>39</ymin>
			<xmax>590</xmax>
			<ymax>219</ymax>
		</bndbox>
	</object>
	<object>
		<name>kangaroo</name>
		<pose>Unspecified</pose>
		<truncated>0</truncated>
		<difficult>0</difficult>
		<bndbox>
			<xmin>48</xmin>
			<ymin>81</ymin>
			<xmax>268</xmax>
			<ymax>289</ymax>
		</bndbox>
	</object>
</annotation>
