<annotation>
	<folder>Kangaroo</folder>
	<filename>00109.jpg</filename>
	<path>/home/andy/Desktop/Kangaroo/Kangaroo-red-hopping.jpg</path>
	<source>
		<database>Unknown</database>
	</source>
	<size>
		<width>600</width>
		<height>399</height>
		<depth>3</depth>
	</size>
	<segmented>0</segmented>
	<object>
		<name>kangaroo</name>
		<pose>Unspecified</pose>
		<truncated>0</truncated>
		<difficult>0</difficult>
		<bndbox>
			<xmin>100</xmin>
			<ymin>86</ymin>
			<xmax>482</xmax>
			<ymax>379</ymax>
		</bndbox>
	</object>
</annotation>
