<annotation>
	<folder>Kangaroo</folder>
	<filename>00103.jpg</filename>
	<path>/home/andy/Desktop/Kangaroo/832-373746.jpg</path>
	<source>
		<database>Unknown</database>
	</source>
	<size>
		<width>480</width>
		<height>321</height>
		<depth>3</depth>
	</size>
	<segmented>0</segmented>
	<object>
		<name>kangaroo</name>
		<pose>Unspecified</pose>
		<truncated>0</truncated>
		<difficult>0</difficult>
		<bndbox>
			<xmin>272</xmin>
			<ymin>113</ymin>
			<xmax>367</xmax>
			<ymax>273</ymax>
		</bndbox>
	</object>
	<object>
		<name>kangaroo</name>
		<pose>Unspecified</pose>
		<truncated>0</truncated>
		<difficult>0</difficult>
		<bndbox>
			<xmin>19</xmin>
			<ymin>84</ymin>
			<xmax>271</xmax>
			<ymax>274</ymax>
		</bndbox>
	</object>
</annotation>
