<annotation>
	<folder>Kangaroo</folder>
	<filename>00112.jpg</filename>
	<path>/home/andy/Desktop/Kangaroo/kanga1.jpg</path>
	<source>
		<database>Unknown</database>
	</source>
	<size>
		<width>800</width>
		<height>533</height>
		<depth>3</depth>
	</size>
	<segmented>0</segmented>
	<object>
		<name>kangaroo</name>
		<pose>Unspecified</pose>
		<truncated>0</truncated>
		<difficult>0</difficult>
		<bndbox>
			<xmin>269</xmin>
			<ymin>253</ymin>
			<xmax>377</xmax>
			<ymax>373</ymax>
		</bndbox>
	</object>
	<object>
		<name>kangaroo</name>
		<pose>Unspecified</pose>
		<truncated>0</truncated>
		<difficult>0</difficult>
		<bndbox>
			<xmin>501</xmin>
			<ymin>350</ymin>
			<xmax>707</xmax>
			<ymax>461</ymax>
		</bndbox>
	</object>
	<object>
		<name>kangaroo</name>
		<pose>Unspecified</pose>
		<truncated>0</truncated>
		<difficult>0</difficult>
		<bndbox>
			<xmin>80</xmin>
			<ymin>258</ymin>
			<xmax>124</xmax>
			<ymax>316</ymax>
		</bndbox>
	</object>
</annotation>
