<annotation>
	<folder>Kangaroo</folder>
	<filename>00114.jpg</filename>
	<path>/home/andy/Desktop/Kangaroo/a-red-kangaroo-macrospus-rufus-standing-in-the-grass-with-its-paws-a2c8f2.jpg</path>
	<source>
		<database>Unknown</database>
	</source>
	<size>
		<width>450</width>
		<height>320</height>
		<depth>3</depth>
	</size>
	<segmented>0</segmented>
	<object>
		<name>kangaroo</name>
		<pose>Unspecified</pose>
		<truncated>1</truncated>
		<difficult>0</difficult>
		<bndbox>
			<xmin>1</xmin>
			<ymin>33</ymin>
			<xmax>294</xmax>
			<ymax>234</ymax>
		</bndbox>
	</object>
	<object>
		<name>kangaroo</name>
		<pose>Unspecified</pose>
		<truncated>0</truncated>
		<difficult>0</difficult>
		<bndbox>
			<xmin>233</xmin>
			<ymin>140</ymin>
			<xmax>421</xmax>
			<ymax>233</ymax>
		</bndbox>
	</object>
</annotation>
