<annotation>
	<folder>Kangaroo</folder>
	<filename>00113.jpg</filename>
	<path>/home/andy/Desktop/Kangaroo/stock-photo-kangaroo-in-zoo-561512218.jpg</path>
	<source>
		<database>Unknown</database>
	</source>
	<size>
		<width>450</width>
		<height>308</height>
		<depth>3</depth>
	</size>
	<segmented>0</segmented>
	<object>
		<name>kangaroo</name>
		<pose>Unspecified</pose>
		<truncated>0</truncated>
		<difficult>0</difficult>
		<bndbox>
			<xmin>44</xmin>
			<ymin>101</ymin>
			<xmax>269</xmax>
			<ymax>273</ymax>
		</bndbox>
	</object>
	<object>
		<name>kangaroo</name>
		<pose>Unspecified</pose>
		<truncated>0</truncated>
		<difficult>0</difficult>
		<bndbox>
			<xmin>160</xmin>
			<ymin>166</ymin>
			<xmax>395</xmax>
			<ymax>252</ymax>
		</bndbox>
	</object>
</annotation>
