<annotation>
	<folder>Kangaroo</folder>
	<filename>00116.jpg</filename>
	<path>/home/andy/Desktop/Kangaroo/2331108-kangaroos-news-xlarge_trans_NvBQzQNjv4Bqv6k42d8kP6b-B1r42w4afjSXGp1bu63AMdbZolP8krw.jpg</path>
	<source>
		<database>Unknown</database>
	</source>
	<size>
		<width>955</width>
		<height>597</height>
		<depth>3</depth>
	</size>
	<segmented>0</segmented>
	<object>
		<name>kangaroo</name>
		<pose>Unspecified</pose>
		<truncated>0</truncated>
		<difficult>0</difficult>
		<bndbox>
			<xmin>218</xmin>
			<ymin>73</ymin>
			<xmax>459</xmax>
			<ymax>530</ymax>
		</bndbox>
	</object>
	<object>
		<name>kangaroo</name>
		<pose>Unspecified</pose>
		<truncated>0</truncated>
		<difficult>0</difficult>
		<bndbox>
			<xmin>437</xmin>
			<ymin>27</ymin>
			<xmax>847</xmax>
			<ymax>587</ymax>
		</bndbox>
	</object>
</annotation>
