<annotation>
	<folder>Kangaroo</folder>
	<filename>00118.jpg</filename>
	<path>/home/andy/Desktop/Kangaroo/015e4084bd6f1743f11ddabd18274c238b.jpg</path>
	<source>
		<database>Unknown</database>
	</source>
	<size>
		<width>531</width>
		<height>354</height>
		<depth>3</depth>
	</size>
	<segmented>0</segmented>
	<object>
		<name>kangaroo</name>
		<pose>Unspecified</pose>
		<truncated>0</truncated>
		<difficult>0</difficult>
		<bndbox>
			<xmin>138</xmin>
			<ymin>63</ymin>
			<xmax>360</xmax>
			<ymax>324</ymax>
		</bndbox>
	</object>
	<object>
		<name>kangaroo</name>
		<pose>Unspecified</pose>
		<truncated>0</truncated>
		<difficult>0</difficult>
		<bndbox>
			<xmin>11</xmin>
			<ymin>45</ymin>
			<xmax>189</xmax>
			<ymax>326</ymax>
		</bndbox>
	</object>
</annotation>
