<annotation>
	<folder>Kangaroo</folder>
	<filename>00121.jpg</filename>
	<path>/home/andy/Desktop/Kangaroo/western-grey-kangaroo-macropus-fuliginosis-dozing-in-sun-and-partial-bhwnw6.jpg</path>
	<source>
		<database>Unknown</database>
	</source>
	<size>
		<width>640</width>
		<height>445</height>
		<depth>3</depth>
	</size>
	<segmented>0</segmented>
	<object>
		<name>kangaroo</name>
		<pose>Unspecified</pose>
		<truncated>0</truncated>
		<difficult>0</difficult>
		<bndbox>
			<xmin>12</xmin>
			<ymin>117</ymin>
			<xmax>580</xmax>
			<ymax>363</ymax>
		</bndbox>
	</object>
</annotation>
