<annotation>
	<folder>Kangaroo</folder>
	<filename>00128.jpg</filename>
	<path>/home/andy/Desktop/Kangaroo/xyz.jpg</path>
	<source>
		<database>Unknown</database>
	</source>
	<size>
		<width>800</width>
		<height>533</height>
		<depth>3</depth>
	</size>
	<segmented>0</segmented>
	<object>
		<name>kangaroo</name>
		<pose>Unspecified</pose>
		<truncated>0</truncated>
		<difficult>0</difficult>
		<bndbox>
			<xmin>166</xmin>
			<ymin>176</ymin>
			<xmax>468</xmax>
			<ymax>385</ymax>
		</bndbox>
	</object>
</annotation>
