<annotation>
	<folder>Kangaroo</folder>
	<filename>00122.jpg</filename>
	<path>/home/andy/Desktop/Kangaroo/stock-photo-kangaroo-in-zoo-569239030.jpg</path>
	<source>
		<database>Unknown</database>
	</source>
	<size>
		<width>450</width>
		<height>315</height>
		<depth>3</depth>
	</size>
	<segmented>0</segmented>
	<object>
		<name>kangaroo</name>
		<pose>Unspecified</pose>
		<truncated>0</truncated>
		<difficult>0</difficult>
		<bndbox>
			<xmin>73</xmin>
			<ymin>54</ymin>
			<xmax>311</xmax>
			<ymax>227</ymax>
		</bndbox>
	</object>
	<object>
		<name>kangaroo</name>
		<pose>Unspecified</pose>
		<truncated>0</truncated>
		<difficult>0</difficult>
		<bndbox>
			<xmin>182</xmin>
			<ymin>89</ymin>
			<xmax>445</xmax>
			<ymax>202</ymax>
		</bndbox>
	</object>
</annotation>
