<annotation>
	<folder>Kangaroo</folder>
	<filename>00131.jpg</filename>
	<path>/home/andy/Desktop/Kangaroo/man-punches-kangaroo-865x452.jpg</path>
	<source>
		<database>Unknown</database>
	</source>
	<size>
		<width>865</width>
		<height>452</height>
		<depth>3</depth>
	</size>
	<segmented>0</segmented>
	<object>
		<name>kangaroo</name>
		<pose>Unspecified</pose>
		<truncated>0</truncated>
		<difficult>0</difficult>
		<bndbox>
			<xmin>274</xmin>
			<ymin>137</ymin>
			<xmax>420</xmax>
			<ymax>388</ymax>
		</bndbox>
	</object>
</annotation>
