<annotation>
	<folder>Kangaroo</folder>
	<filename>00132.jpg</filename>
	<path>/home/andy/Desktop/Kangaroo/136241035_14932968583041n.jpg</path>
	<source>
		<database>Unknown</database>
	</source>
	<size>
		<width>899</width>
		<height>626</height>
		<depth>3</depth>
	</size>
	<segmented>0</segmented>
	<object>
		<name>kangaroo</name>
		<pose>Unspecified</pose>
		<truncated>1</truncated>
		<difficult>0</difficult>
		<bndbox>
			<xmin>471</xmin>
			<ymin>155</ymin>
			<xmax>874</xmax>
			<ymax>626</ymax>
		</bndbox>
	</object>
</annotation>
