<annotation>
	<folder>Kangaroo</folder>
	<filename>00134.jpg</filename>
	<path>/home/andy/Desktop/Kangaroo/metro-richmond-zoo.jpg</path>
	<source>
		<database>Unknown</database>
	</source>
	<size>
		<width>550</width>
		<height>407</height>
		<depth>3</depth>
	</size>
	<segmented>0</segmented>
	<object>
		<name>kangaroo</name>
		<pose>Unspecified</pose>
		<truncated>0</truncated>
		<difficult>0</difficult>
		<bndbox>
			<xmin>28</xmin>
			<ymin>56</ymin>
			<xmax>539</xmax>
			<ymax>349</ymax>
		</bndbox>
	</object>
</annotation>
