<annotation>
	<folder>Kangaroo</folder>
	<filename>00130.jpg</filename>
	<path>/home/andy/Desktop/Kangaroo/china-beijing-zoo-a-kangaroo-eating-grass-in-his-cage-a5we06.jpg</path>
	<source>
		<database>Unknown</database>
	</source>
	<size>
		<width>450</width>
		<height>319</height>
		<depth>3</depth>
	</size>
	<segmented>0</segmented>
	<object>
		<name>kangaroo</name>
		<pose>Unspecified</pose>
		<truncated>0</truncated>
		<difficult>0</difficult>
		<bndbox>
			<xmin>52</xmin>
			<ymin>84</ymin>
			<xmax>175</xmax>
			<ymax>195</ymax>
		</bndbox>
	</object>
</annotation>
