<annotation>
	<folder>Kangaroo</folder>
	<filename>00146.jpg</filename>
	<path>/home/andy/Desktop/Kangaroo/pdwm.jpg</path>
	<source>
		<database>Unknown</database>
	</source>
	<size>
		<width>580</width>
		<height>431</height>
		<depth>3</depth>
	</size>
	<segmented>0</segmented>
	<object>
		<name>kangaroo</name>
		<pose>Unspecified</pose>
		<truncated>0</truncated>
		<difficult>0</difficult>
		<bndbox>
			<xmin>316</xmin>
			<ymin>72</ymin>
			<xmax>535</xmax>
			<ymax>407</ymax>
		</bndbox>
	</object>
</annotation>
