<annotation>
	<folder>Kangaroo</folder>
	<filename>00148.jpg</filename>
	<path>/home/andy/Desktop/Kangaroo/92814630_XS.jpg</path>
	<source>
		<database>Unknown</database>
	</source>
	<size>
		<width>750</width>
		<height>428</height>
		<depth>3</depth>
	</size>
	<segmented>0</segmented>
	<object>
		<name>kangaroo</name>
		<pose>Unspecified</pose>
		<truncated>0</truncated>
		<difficult>0</difficult>
		<bndbox>
			<xmin>207</xmin>
			<ymin>33</ymin>
			<xmax>701</xmax>
			<ymax>398</ymax>
		</bndbox>
	</object>
</annotation>
