<annotation>
	<folder>Kangaroo</folder>
	<filename>00156.jpg</filename>
	<path>/home/andy/Desktop/Kangaroo/kangaroo-singapore-zoo.jpg</path>
	<source>
		<database>Unknown</database>
	</source>
	<size>
		<width>500</width>
		<height>375</height>
		<depth>3</depth>
	</size>
	<segmented>0</segmented>
	<object>
		<name>kangaroo</name>
		<pose>Unspecified</pose>
		<truncated>1</truncated>
		<difficult>0</difficult>
		<bndbox>
			<xmin>195</xmin>
			<ymin>69</ymin>
			<xmax>500</xmax>
			<ymax>339</ymax>
		</bndbox>
	</object>
	<object>
		<name>kangaroo</name>
		<pose>Unspecified</pose>
		<truncated>0</truncated>
		<difficult>0</difficult>
		<bndbox>
			<xmin>104</xmin>
			<ymin>217</ymin>
			<xmax>336</xmax>
			<ymax>317</ymax>
		</bndbox>
	</object>
</annotation>
