<annotation>
	<folder>Kangaroo</folder>
	<filename>00151.jpg</filename>
	<path>/home/andy/Desktop/Kangaroo/kangaroo-stand-in-chicago-zoo-ccb827.jpg</path>
	<source>
		<database>Unknown</database>
	</source>
	<size>
		<width>640</width>
		<height>413</height>
		<depth>3</depth>
	</size>
	<segmented>0</segmented>
	<object>
		<name>kangaroo</name>
		<pose>Unspecified</pose>
		<truncated>0</truncated>
		<difficult>0</difficult>
		<bndbox>
			<xmin>179</xmin>
			<ymin>83</ymin>
			<xmax>391</xmax>
			<ymax>372</ymax>
		</bndbox>
	</object>
</annotation>
