<annotation>
	<folder>Kangaroo</folder>
	<filename>00163.jpg</filename>
	<path>/home/andy/Desktop/Kangaroo/kangaroo-australia_001.jpg</path>
	<source>
		<database>Unknown</database>
	</source>
	<size>
		<width>800</width>
		<height>600</height>
		<depth>3</depth>
	</size>
	<segmented>0</segmented>
	<object>
		<name>kangaroo</name>
		<pose>Unspecified</pose>
		<truncated>1</truncated>
		<difficult>0</difficult>
		<bndbox>
			<xmin>263</xmin>
			<ymin>20</ymin>
			<xmax>800</xmax>
			<ymax>593</ymax>
		</bndbox>
	</object>
</annotation>
