<annotation>
	<folder>Kangaroo</folder>
	<filename>00167.jpg</filename>
	<path>/home/andy/Desktop/Kangaroo/kanga3.jpg</path>
	<source>
		<database>Unknown</database>
	</source>
	<size>
		<width>800</width>
		<height>533</height>
		<depth>3</depth>
	</size>
	<segmented>0</segmented>
	<object>
		<name>kangaroo</name>
		<pose>Unspecified</pose>
		<truncated>0</truncated>
		<difficult>0</difficult>
		<bndbox>
			<xmin>260</xmin>
			<ymin>327</ymin>
			<xmax>465</xmax>
			<ymax>481</ymax>
		</bndbox>
	</object>
	<object>
		<name>kangaroo</name>
		<pose>Unspecified</pose>
		<truncated>0</truncated>
		<difficult>0</difficult>
		<bndbox>
			<xmin>591</xmin>
			<ymin>170</ymin>
			<xmax>717</xmax>
			<ymax>423</ymax>
		</bndbox>
	</object>
	<object>
		<name>kangaroo</name>
		<pose>Unspecified</pose>
		<truncated>1</truncated>
		<difficult>0</difficult>
		<bndbox>
			<xmin>1</xmin>
			<ymin>182</ymin>
			<xmax>59</xmax>
			<ymax>255</ymax>
		</bndbox>
	</object>
</annotation>
