<annotation>
	<folder>Kangaroo</folder>
	<filename>00161.jpg</filename>
	<path>/home/andy/Desktop/Kangaroo/822687-dtstory-kangaroo.jpg</path>
	<source>
		<database>Unknown</database>
	</source>
	<size>
		<width>650</width>
		<height>366</height>
		<depth>3</depth>
	</size>
	<segmented>0</segmented>
	<object>
		<name>kangaroo</name>
		<pose>Unspecified</pose>
		<truncated>0</truncated>
		<difficult>0</difficult>
		<bndbox>
			<xmin>276</xmin>
			<ymin>208</ymin>
			<xmax>584</xmax>
			<ymax>352</ymax>
		</bndbox>
	</object>
</annotation>
