<annotation>
	<folder>Kangaroo</folder>
	<filename>00162.jpg</filename>
	<path>/home/andy/Desktop/Kangaroo/Tiffany-feeding-the-Kangaroo-375x500.jpg</path>
	<source>
		<database>Unknown</database>
	</source>
	<size>
		<width>375</width>
		<height>500</height>
		<depth>3</depth>
	</size>
	<segmented>0</segmented>
	<object>
		<name>kangaroo</name>
		<pose>Unspecified</pose>
		<truncated>1</truncated>
		<difficult>0</difficult>
		<bndbox>
			<xmin>180</xmin>
			<ymin>206</ymin>
			<xmax>375</xmax>
			<ymax>434</ymax>
		</bndbox>
	</object>
	<object>
		<name>kangaroo</name>
		<pose>Unspecified</pose>
		<truncated>1</truncated>
		<difficult>0</difficult>
		<bndbox>
			<xmin>262</xmin>
			<ymin>199</ymin>
			<xmax>375</xmax>
			<ymax>302</ymax>
		</bndbox>
	</object>
</annotation>
