<annotation>
	<folder>Kangaroo</folder>
	<filename>00175.jpg</filename>
	<path>/home/andy/Desktop/Kangaroo/cute-kangaroo-photo.jpg.jpg</path>
	<source>
		<database>Unknown</database>
	</source>
	<size>
		<width>600</width>
		<height>450</height>
		<depth>3</depth>
	</size>
	<segmented>0</segmented>
	<object>
		<name>kangaroo</name>
		<pose>Unspecified</pose>
		<truncated>0</truncated>
		<difficult>0</difficult>
		<bndbox>
			<xmin>230</xmin>
			<ymin>66</ymin>
			<xmax>534</xmax>
			<ymax>449</ymax>
		</bndbox>
	</object>
</annotation>
