<annotation>
	<folder>Kangaroo</folder>
	<filename>00170.jpg</filename>
	<path>/home/andy/Desktop/Kangaroo/meet_moni.jpg</path>
	<source>
		<database>Unknown</database>
	</source>
	<size>
		<width>644</width>
		<height>363</height>
		<depth>3</depth>
	</size>
	<segmented>0</segmented>
	<object>
		<name>kangaroo</name>
		<pose>Unspecified</pose>
		<truncated>0</truncated>
		<difficult>0</difficult>
		<bndbox>
			<xmin>305</xmin>
			<ymin>90</ymin>
			<xmax>499</xmax>
			<ymax>238</ymax>
		</bndbox>
	</object>
	<object>
		<name>kangaroo</name>
		<pose>Unspecified</pose>
		<truncated>0</truncated>
		<difficult>0</difficult>
		<bndbox>
			<xmin>158</xmin>
			<ymin>129</ymin>
			<xmax>300</xmax>
			<ymax>210</ymax>
		</bndbox>
	</object>
</annotation>
