<annotation>
	<folder>Kangaroo</folder>
	<filename>00181.jpg</filename>
	<path>/home/andy/Desktop/Kangaroo/kangaroo-hopping.adapt.945.1.jpg</path>
	<source>
		<database>Unknown</database>
	</source>
	<size>
		<width>945</width>
		<height>531</height>
		<depth>3</depth>
	</size>
	<segmented>0</segmented>
	<object>
		<name>kangaroo</name>
		<pose>Unspecified</pose>
		<truncated>0</truncated>
		<difficult>0</difficult>
		<bndbox>
			<xmin>69</xmin>
			<ymin>28</ymin>
			<xmax>571</xmax>
			<ymax>442</ymax>
		</bndbox>
	</object>
</annotation>
